employee_id,total_requests,required_days,required_days_rate,seniority_days,days_per_year
1,43,73,1.697674418604651,884,30.128962588976275
2,33,159,4.818181818181818,296,195.82271860712297
3,19,69,3.6315789473684212,644,39.084990649709404
4,47,73,1.553191489361702,1911,13.940299210250267
5,12,102,8.5,1249,29.799137962084743
6,25,81,3.24,3030,9.756250484677588
7,43,20,0.46511627906976744,1589,4.59302929157242
8,23,114,4.956521739130435,930,44.72438236606064
9,27,23,0.8518518518518519,2264,3.707441159000426
10,15,69,4.6,2588,9.730080572098602
11,15,39,2.6,634,22.439762597242915
12,28,44,1.5714285714285714,636,25.23708877766691
13,40,174,4.35,162,391.1557293751732
14,44,14,0.3181818181818182,2695,1.8958471301660442
15,28,92,3.2857142857142856,2432,13.805493830078955
16,7,132,18.857142857142858,1748,27.55717484621346
17,26,87,3.3461538461538463,3085,10.292137234978682
18,6,163,27.166666666666668,2946,20.19267809656984
19,28,71,2.5357142857142856,2148,12.062661605453448
20,48,141,2.9375,3173,16.217800347580567
21,34,347,10.205882352941176,775,163.34887440108852
22,42,51,1.2142857142857142,435,42.75722669484226
23,6,98,16.333333333333332,1006,35.543763942505954
24,25,155,6.2,236,239.35438834006726
25,37,49,1.3243243243243243,1952,9.160684605593728
26,16,81,5.0625,3420,8.643814329757205
27,26,48,1.8461538461538463,172,101.64476546862763
28,48,113,2.3541666666666665,472,87.31595270606417
29,29,23,0.7931034482758621,1666,5.03791186204703
30,31,41,1.3225806451612903,3410,4.388093356576203
31,46,188,4.086956521739131,1174,58.431577916576195
32,32,134,4.1875,1866,26.206020794431957
33,20,175,8.75,180,354.14298783023315
34,19,106,5.578947368421052,567,68.19243344231668
35,48,32,0.6666666666666666,3601,3.243214725527682
36,7,72,10.285714285714286,3523,7.45877875269806
37,41,494,12.048780487804878,47,3806.8193813997677
38,11,162,14.727272727272727,3475,17.014040251887213
39,25,154,6.16,2343,23.986873577099598
40,13,62,4.769230769230769,3171,7.135728621587235
41,43,113,2.627906976744186,1676,24.603830311417855
42,22,342,15.545454545454545,1896,65.82593540800426
43,8,188,23.5,1799,38.13567564112895
44,29,48,1.6551724137931034,2444,7.167505671207041
45,18,188,10.444444444444445,535,128.17423626871388
46,13,143,11.0,138,377.22689986629564
47,30,76,2.533333333333333,1144,24.240517667003097
48,6,144,24.0,2580,20.369211332505284
49,24,188,7.833333333333333,760,90.24613179196834
50,32,51,1.59375,2467,7.544485716543762
51,11,24,2.1818181818181817,3541,2.4736224591365192
52,48,120,2.5,369,118.58189054187594
53,12,166,13.833333333333334,2464,24.586455334335618
54,39,42,1.0769230769230769,1636,9.368325526395395
55,18,164,9.11111111111111,3172,18.869203260028403
56,21,173,8.238095238095237,671,94.05464985514585
57,40,166,4.15,2537,23.87910292764344
58,44,47,1.0681818181818181,3063,5.600050924391969
59,8,194,24.25,3449,20.528416099774887
60,6,298,49.666666666666664,2503,43.44951695018505
61,10,164,16.4,1829,32.72173677751569
62,46,192,4.173913043478261,2266,30.92176238161108
63,8,42,5.25,3175,4.8277914507466075
64,33,95,2.878787878787879,2095,16.548429509894454
65,22,75,3.409090909090909,140,195.02725038293022
66,30,19,0.6333333333333333,3400,2.039486937431717
67,48,14,0.2916666666666667,2526,2.0226689334280676
68,38,132,3.473684210526316,2478,19.440235800618552
69,14,83,5.928571428571429,810,37.384388516285874
70,40,106,2.65,2415,16.018282951023963
71,18,127,7.055555555555555,1455,31.85111638661092
72,35,47,1.3428571428571427,2387,7.185746628605177
73,19,150,7.894736842105263,415,131.81178000072225
74,12,168,14.0,2411,25.429580341424877
75,18,56,3.111111111111111,3647,5.6040456603602875
76,27,118,4.37037037037037,204,210.750373106941
77,44,189,4.295454545454546,3567,19.337802551743376
78,25,193,7.72,1503,46.858214738270476
79,20,24,1.2,3182,2.7526697911773166
80,49,166,3.3877551020408165,2862,21.16781053429594
81,22,145,6.590909090909091,2082,25.4158132700079
82,28,14,0.5,2703,1.8902367974727794
83,30,166,5.533333333333333,3210,18.873243385097958
84,29,56,1.9310344827586208,1492,13.69638124721499
85,49,77,1.5714285714285714,1213,23.162857013347182
86,45,85,1.8888888888888888,2446,12.682081373793363
87,33,182,5.515151515151516,2954,22.485373337417688
88,19,139,7.315789473684211,2789,18.188727541931584
89,49,164,3.3469387755102042,2918,20.511485026718727
90,5,104,20.8,1606,23.630992956146326
91,29,124,4.275862068965517,2990,15.135276128499365
92,11,479,43.54545454545455,465,375.6943474477024
93,13,45,3.4615384615384617,2001,8.20689879157475
94,28,35,1.25,50,253.64836692147327
95,5,52,10.4,1205,15.746267728032588
96,48,36,0.75,1356,9.68765782071935
97,12,78,6.5,1464,19.44187412291334
98,28,157,5.607142857142857,2547,22.495794674104417
99,15,20,1.3333333333333333,1436,5.082273656069314
100,21,83,3.9523809523809526,1654,18.31216206822557
101,12,113,9.416666666666666,889,46.37578497017535
102,39,47,1.205128205128205,1381,12.418875532534848
103,39,143,3.6666666666666665,852,61.23550356948021
104,37,32,0.8648648648648649,294,39.678630271941294
105,9,56,6.222222222222222,2214,9.23063722557031
106,46,99,2.152173913043478,2448,14.75882885109042
107,43,55,1.2790697674418605,2272,8.834408204667824
108,45,116,2.577777777777778,1707,24.79844672931681
109,32,149,4.65625,1404,38.72568741032424
110,11,315,28.636363636363637,3155,36.43793982629585
111,13,113,8.692307692307692,1909,21.6014224624417
112,12,199,16.583333333333332,1764,41.16778557724734
113,16,120,7.5,122,357.94549094920933
114,38,113,2.973684210526316,1265,32.59533810402532
115,37,69,1.864864864864865,1406,17.907868867612606
116,27,180,6.666666666666667,1473,44.59180175991692
117,28,109,3.892857142857143,2130,18.67520354493244
118,41,77,1.8780487804878048,1961,14.32930637591677
119,39,142,3.641025641025641,2230,23.238348880116032
120,48,129,2.6875,2798,16.825896550307053
121,44,46,1.0454545454545454,2973,5.646800846851967
122,26,81,3.1153846153846154,2629,11.24415971156534
123,31,136,4.387096774193548,3488,14.230162267996613
124,39,115,2.948717948717949,96,435.5834587246407
125,5,101,20.2,738,49.92788119696898
126,39,40,1.0256410256410255,57,254.5105900810599
127,41,131,3.1951219512195124,2373,20.14650085427231
128,18,146,8.11111111111111,3280,16.245143452024394
129,7,60,8.571428571428571,911,24.02988923208594
130,5,113,22.6,3385,12.183324397812349
131,9,148,16.444444444444443,248,217.50246612848028
132,30,50,1.6666666666666667,3412,5.348196925006557
133,18,20,1.1111111111111112,1302,5.605187485843063
134,43,160,3.7209302325581395,397,146.96815270595044
135,31,10,0.3225806451612903,1788,2.0409703835626396
136,13,55,4.230769230769231,959,20.925299547096255
137,19,110,5.7894736842105265,1061,37.82864518803616
138,19,158,8.31578947368421,1142,50.48298923724029
139,30,99,3.3,2936,12.306031436827507
140,46,119,2.5869565217391304,1981,21.921755961168184
141,17,173,10.176470588235293,1156,54.606460762821435
142,36,191,5.305555555555555,2239,31.131593107867634
143,43,66,1.5348837209302326,2622,9.186364217033098
144,36,10,0.2777777777777778,1016,3.591229528761813
145,8,72,9.0,1527,17.206103321733835
146,34,191,5.617647058823529,471,147.90024715454055
147,41,64,1.5609756097560976,685,34.08402821854049
148,27,124,4.592592592592593,2495,18.13762716075604
149,43,177,4.116279069767442,686,94.12630306032504
150,49,152,3.1020408163265305,1931,28.725797557685883
151,19,158,8.31578947368421,2596,22.2118230680201
152,47,371,7.8936170212765955,416,325.2314675825298
153,33,62,1.878787878787879,2083,10.86223489402961
154,40,146,3.65,958,55.605119135193796
155,17,189,11.117647058823529,3515,19.6238512928245
156,36,66,1.8333333333333333,1780,13.530933263684693
157,11,126,11.454545454545455,2947,15.603768111516558
158,26,163,6.269230769230769,2021,29.433081111031406
159,32,178,5.5625,187,346.75633122514876
160,6,44,7.333333333333333,2322,6.915364294587629
161,46,72,1.565217391304348,3474,7.563972121524365
162,49,34,0.6938775510204082,2207,5.622087874003619
163,10,99,9.9,2995,12.063638321206266
164,32,84,2.625,3230,9.49118752834432
165,32,47,1.46875,855,20.055765667288235
166,48,139,2.8958333333333335,797,63.628325798097485
167,48,144,3.0,2241,23.449995873050575
168,24,171,7.125,1517,41.13380762044728
169,34,100,2.9411764705882355,3070,11.887837439522663
170,15,26,1.7333333333333334,3288,2.8859326747486977
171,32,137,4.28125,1309,38.190267801567934
172,29,180,6.206896551724138,887,74.03943135012086
173,43,196,4.558139534883721,2855,25.054590218763625
174,37,117,3.1621621621621623,1024,41.68924162774012
175,5,188,37.6,3007,22.81731682053891
176,31,191,6.161290322580645,1563,44.592913363162154
177,17,161,9.470588235294118,2446,24.021354131538015
178,45,34,0.7555555555555555,375,33.061153810291316
179,7,189,27.0,2288,30.14597758661752
180,43,97,2.255813953488372,1665,21.259603750529163
181,10,170,17.0,2153,28.815365718305998
182,12,186,15.5,638,106.3498155443986
183,31,38,1.2258064516129032,2697,5.142055302118919
184,13,72,5.538461538461538,3153,8.333954363037583
185,41,159,3.8780487804878048,814,71.26411375734469
186,37,163,4.405405405405405,376,158.07792966933695
187,46,165,3.5869565217391304,115,522.0387465869198
188,48,123,2.5625,2353,19.076938766404698
189,28,58,2.0714285714285716,2227,9.504504201152482
190,19,90,4.7368421052631575,2009,16.348448390411896
191,36,93,2.5833333333333335,869,39.045740281699864
192,36,114,3.1666666666666665,1445,28.78857589605394
193,28,186,6.642857142857143,2182,31.10845344385563
194,45,157,3.488888888888889,1828,31.34221011668895
195,16,127,7.9375,3605,12.857228047645663
196,43,95,2.2093023255813953,523,66.25395278629638
197,6,72,12.0,2546,10.320594258874905
198,7,198,28.285714285714285,1493,48.39406307232324
199,41,113,2.7560975609756095,1580,26.098401318682704
200,21,58,2.761904761904762,2627,8.057502478719172
201,6,80,13.333333333333334,2536,11.512538613330495
202,6,10,1.6666666666666667,3618,1.0087428990718184
203,32,150,4.6875,494,110.74813144134396
204,27,188,6.962962962962963,406,168.8629680213601
205,41,132,3.2195121951219514,2652,18.164920740546645
206,36,193,5.361111111111111,2123,33.17611432796528
207,37,71,1.9189189189189189,1022,25.34808996786862
208,5,41,8.2,317,47.15390796086525
209,23,167,7.260869565217392,340,179.0871564350036
210,6,38,6.333333333333333,3266,4.2463105011228075
211,48,185,3.8541666666666665,724,93.21957852739986
212,30,182,6.066666666666666,1200,55.34150029366068
213,36,39,1.0833333333333333,850,16.739870526185815
214,10,153,15.3,1315,42.45589627213739
215,36,177,4.916666666666667,281,229.6127805519521
216,8,28,3.5,1908,5.355369648887922
217,15,101,6.733333333333333,274,134.36480600659704
218,21,10,0.47619047619047616,2927,1.2468551068964753
219,42,87,2.0714285714285716,876,36.23490212411495
220,28,124,4.428571428571429,1984,22.808303915862254
221,9,184,20.444444444444443,3215,20.887208761680245
222,38,122,3.210526315789474,2386,18.66017981323058
223,10,123,12.3,1959,22.91303560081965
224,26,175,6.730769230769231,1204,53.03624731705089
225,15,188,12.533333333333333,1235,55.546336507833715
226,20,72,3.6,2453,10.71181825778064
227,37,141,3.810810810810811,3628,14.18407464519143
228,13,138,10.615384615384615,2425,20.768008114242598
229,10,17,1.7,2049,3.027767137625557
230,20,166,8.3,2674,22.655845406292705
231,33,64,1.9393939393939394,1714,13.626036462480277
232,7,112,16.0,247,165.26186000444687
233,24,140,5.833333333333333,2065,24.74138953647418
234,40,41,1.025,3496,4.280159537119265
235,23,19,0.8260869565217391,664,10.438539056091155
236,30,119,3.966666666666667,2527,17.18588332116651
237,7,171,24.428571428571427,757,82.41072666415798
238,23,133,5.782608695652174,1969,24.650077563072358
239,24,96,4.0,379,92.36487287968052
240,36,64,1.7777777777777777,1660,14.069195628672006
241,11,41,3.727272727272727,2767,5.407671196246248
242,45,187,4.155555555555556,1288,52.97799924710777
243,37,144,3.891891891891892,2436,21.573122253849483
244,44,102,2.3181818181818183,2909,12.796606819701205
245,43,17,0.3953488372093023,3386,1.8323482554302328
246,22,74,3.3636363636363638,879,30.715345732431924
247,44,66,1.5,1475,16.328162861393622
248,5,76,15.2,581,47.715290738176535
249,15,196,13.066666666666666,3622,19.74952827779641
250,32,81,2.53125,3385,8.733179435600002
251,29,63,2.1724137931034484,1984,11.588089892736466
252,27,76,2.814814814814815,3078,9.011277090273571
253,35,60,1.7142857142857142,1915,11.433852033424438
254,34,106,3.1176470588235294,2287,16.914659444382508
255,46,101,2.1956521739130435,352,104.62162814127396
256,39,17,0.4358974358974359,2764,2.244638461274108
257,11,171,15.545454545454545,492,126.7657124287876
258,20,44,2.2,3020,5.317238148369486
259,30,419,13.966666666666667,2860,53.46695264415555
260,6,97,16.166666666666668,2595,13.641626514960322
261,5,87,17.4,160,198.01702366476476
262,16,41,2.5625,1127,13.274316658757368
263,9,129,14.333333333333334,982,47.930249958009504
264,41,55,1.3414634146341464,1333,15.055892422554964
265,36,153,4.25,347,160.7674924071222
266,13,174,13.384615384615385,3421,18.56276661507907
267,45,191,4.2444444444444445,2034,34.268678432827926
268,39,151,3.871794871794872,1135,48.54386034447072
269,23,64,2.782608695652174,1467,15.919692782640992
270,20,185,9.25,1648,40.964834851504364
271,7,16,2.2857142857142856,2204,2.6492890242768325
272,24,83,3.4583333333333335,1896,15.97530011363846
273,28,16,0.5714285714285714,3358,1.7389414194109338
274,37,170,4.594594594594595,1829,33.91887348888822
275,28,160,5.714285714285714,3621,16.126515830356787
276,15,94,6.266666666666667,3112,11.023771312169364
277,12,156,13.0,784,72.59375418332027
278,40,121,3.025,3398,12.995955407968244
279,42,134,3.1904761904761907,451,108.36019629346539
280,44,156,3.5454545454545454,2989,19.047523470703645
281,24,45,1.875,1407,11.670746394858476
282,39,38,0.9743589743589743,3208,4.323074213812955
283,29,197,6.793103448275862,3172,22.666055135521923
284,39,91,2.3333333333333335,2947,11.269388080539738
285,29,11,0.3793103448275862,2889,1.3895786790523177
286,33,138,4.181818181818182,1132,44.48212369686453
287,22,56,2.5454545454545454,322,63.40638716982303
288,50,157,3.14,1488,38.50198036100015
289,22,43,1.9545454545454546,658,23.839359625739522
290,6,139,23.166666666666668,2545,19.93230833298957
291,39,128,3.282051282051282,1282,36.43268492199959
292,20,149,7.45,3561,15.2708301451831
293,45,29,0.6444444444444445,2350,4.503555830690127
294,40,14,0.35,3007,1.6991618908911954
295,37,46,1.2432432432432432,509,32.962610308914044
296,8,175,21.875,3150,20.275428402740637
297,37,146,3.945945945945946,3370,15.811343875218263
298,18,62,3.4444444444444446,1793,12.618736286255167
299,25,181,7.24,2224,29.700611185664222
300,24,108,4.5,2798,14.086797111884975
301,12,95,7.916666666666667,662,52.350290247824084
302,11,117,10.636363636363637,1849,23.09170985716719
303,7,33,4.714285714285714,1473,8.175163655984768
304,21,90,4.285714285714286,559,58.72730685688236
305,37,167,4.513513513513513,1360,44.80782731105255
306,16,129,8.0625,276,170.37251460930293
307,26,68,2.6153846153846154,123,201.19158594414947
308,26,137,5.269230769230769,519,96.28103549526827
309,50,368,7.36,3516,38.19853741008115
310,34,124,3.6470588235294117,2019,22.412986260532396
311,42,23,0.5476190476190477,3526,2.3806384194489225
312,42,18,0.42857142857142855,1595,4.118179852259514
313,49,49,1.0,1158,15.439865672737005
314,12,34,2.8333333333333335,1862,6.663570245360066
315,31,112,3.6129032258064515,1621,25.21332334175216
316,31,31,1.0,412,27.439283159337
317,38,13,0.34210526315789475,2349,2.0196946834570193
318,25,163,6.52,812,73.23678395794994
319,34,195,5.735294117647059,2272,31.321992725640463
320,37,38,1.027027027027027,2383,5.819503097511292
321,32,118,3.6875,580,74.21191836172065
322,37,107,2.891891891891892,252,154.7560081627801
323,9,46,5.111111111111111,2856,5.8781003128101625
324,23,84,3.652173913043478,1694,18.09527463090892
325,8,79,9.875,240,119.96338901254343
326,39,155,3.9743589743589745,3631,15.579541026583668
327,21,137,6.523809523809524,239,208.90689950494016
328,48,94,1.9583333333333333,2546,13.474109171308905
329,32,51,1.59375,3590,5.184709632586102
330,34,109,3.2058823529411766,895,44.43439267784647
331,33,50,1.5151515151515151,544,33.52530012032368
332,50,175,3.5,469,136.08811905446723
333,10,43,4.3,1127,13.92184430064797
334,39,26,0.6666666666666666,395,24.00313634236718
335,45,174,3.8666666666666667,2535,25.04964768386406
336,41,162,3.951219512195122,255,231.55091731443227
337,28,131,4.678571428571429,1874,25.509972710758046
338,33,85,2.5757575757575757,3638,8.527181852288047
339,50,96,1.92,2976,11.772749645960761
340,35,259,7.4,2257,41.87847335278079
341,39,115,2.948717948717949,1138,36.87305916819298
342,37,95,2.5675675675675675,2288,15.152740056765419
343,25,36,1.44,1937,6.782408064561918
344,36,66,1.8333333333333333,1572,15.320870154194479
345,27,102,3.7777777777777777,503,73.96223416407578
346,37,143,3.864864864864865,3239,16.112725796568153
347,7,177,25.285714285714285,1658,38.957045041350966
348,22,107,4.863636363636363,734,53.182000776180786
349,29,21,0.7241379310344828,1361,5.630378333510851
350,46,62,1.3478260869565217,1529,14.796990907991225
351,35,147,4.2,3025,17.735050150973517
352,7,182,26.0,2685,24.73779169684568
353,44,154,3.5,2814,19.972533768718698
354,50,163,3.26,69,857.7092193469329
355,28,199,7.107142857142857,1536,47.27717697291985
356,36,131,3.638888888888889,1772,26.978077314774325
357,26,55,2.1153846153846154,99,202.03290897197203
358,27,73,2.7037037037037037,970,27.458739752567336
359,6,139,23.166666666666668,2782,18.234487567231472
360,31,63,2.032258064516129,526,43.68641532016756
361,46,116,2.5217391304347827,1967,21.521171719533488
362,6,60,10.0,809,27.058249368331968
363,30,190,6.333333333333333,73,945.2736318407959
364,21,45,2.142857142857143,903,18.182019449502693
365,44,124,2.8181818181818183,3562,12.705042857764434
366,37,85,2.2972972972972974,2931,10.583806520170638
367,13,104,8.0,3503,10.835296921673876
368,47,158,3.3617021276595747,1796,32.10372056903803
369,43,20,0.46511627906976744,427,17.081417523662445
370,33,49,1.4848484848484849,2013,8.883138427458508
371,46,20,0.43478260869565216,1674,4.359861798353405
372,30,173,5.766666666666667,3086,20.45934294874391
373,39,122,3.128205128205128,385,115.55278761693461
374,29,196,6.758620689655173,1797,39.802711191104756
375,28,48,1.7142857142857142,573,30.556451823881822
376,17,63,3.7058823529411766,1205,19.07720897819333
377,11,323,29.363636363636363,2699,43.67508654813261
378,40,64,1.6,1753,13.322953292668668
379,49,120,2.4489795918367347,1390,31.502519122676418
380,24,161,6.708333333333333,1458,40.29512502014242
381,5,159,31.8,1693,34.27199688194807
382,12,78,6.5,2871,9.915144887536066
383,50,65,1.3,3259,7.279025208898053
384,20,42,2.1,3488,4.394608935704836
385,18,45,2.5,2878,5.706364550708475
386,16,157,9.8125,1171,48.92155732841599
387,27,90,3.3333333333333335,2521,13.028657096453706
388,19,199,10.473684210526315,1614,44.99292291396307
389,32,247,7.71875,951,94.7638393256006
390,38,163,4.2894736842105265,3073,19.358260408379742
391,6,82,13.666666666666666,169,176.71892067428337
392,36,49,1.3611111111111112,3294,5.428967342720069
393,27,26,0.9629629629629629,1700,5.581154634446134
394,26,138,5.3076923076923075,2336,21.559131385720978
395,29,70,2.413793103448276,2416,10.573733686756759
396,26,411,15.807692307692308,3270,45.87102662852618
397,26,113,4.346153846153846,2334,17.66861651883917
398,46,51,1.108695652173913,2252,8.264646271807633
399,10,34,3.4,271,45.731763491975755
400,19,48,2.526315789473684,1906,9.190265243014847
401,47,44,0.9361702127659575,573,28.010080838558334
402,41,140,3.4146341463414633,2699,18.930378070398035
403,37,117,3.1621621621621623,1884,22.662806834132454
404,12,181,15.083333333333334,2492,26.506952232116884
405,48,450,9.375,180,910.6533972777424
406,48,111,2.3125,336,120.44951169116882
407,9,107,11.88888888888889,2623,14.88736794155598
408,43,21,0.4883720930232558,290,26.397809653367315
409,8,28,3.5,287,35.56452595131627
410,10,110,11.0,73,547.2636815920398
411,49,53,1.0816326530612246,3492,5.539226283621558
412,36,196,5.444444444444445,2699,26.502529298557253
413,34,58,1.7058823529411764,1308,16.180500089806745
414,39,198,5.076923076923077,1103,65.49963067525253
415,44,26,0.5909090909090909,1295,7.32612043709688
416,20,83,4.15,2834,10.688461083875929
417,17,66,3.8823529411764706,2424,9.936622579520822
418,46,64,1.391304347826087,700,33.35403682365624
419,34,56,1.6470588235294117,660,30.952579255411784
420,23,21,0.9130434782608695,386,19.83875351028173
421,21,71,3.380952380952381,2420,10.707062777721541
422,23,89,3.869565217391304,2797,11.612714107740677
423,32,92,2.875,989,33.940962132276766
424,30,52,1.7333333333333334,105,180.13571869216534
425,41,158,3.8536585365853657,327,176.1642203656469
426,30,90,3.0,3533,9.297086488375813
427,27,127,4.703703703703703,1099,42.16524993973794
428,13,34,2.6153846153846154,2814,4.4095204424443875
429,16,98,6.125,2291,15.610782219332144
430,5,21,4.2,1412,5.42706736573053
431,5,152,30.4,774,71.6458001071846
432,38,68,1.7894736842105263,469,52.87995483259298
433,36,163,4.527777777777778,2256,26.3676311235106
434,29,118,4.068965517241379,2834,15.195643468642887
435,44,35,0.7954545454545454,2360,5.412298521626951
436,49,56,1.1428571428571428,1949,10.485465779882166
437,5,41,8.2,181,82.5131640614231
438,20,19,0.95,3535,1.9616079245000164
439,43,25,0.5813953488372093,2921,3.1235398520896913
440,9,154,17.11111111111111,1090,51.55154466623562
441,26,160,6.153846153846154,3577,16.324864809713294
442,33,35,1.0606060606060606,2208,5.784822708202674
443,7,95,13.571428571428571,2138,16.215660095446754
444,16,144,9.0,2738,19.193935067092955
445,30,23,0.7666666666666667,2968,2.828156240893556
446,20,88,4.4,2406,13.347933501359934
447,41,126,3.073170731707317,493,93.21698945000153
448,26,16,0.6153846153846154,1254,4.655742148417725
449,33,387,11.727272727272727,3389,41.675948149579646
450,18,124,6.888888888888889,843,53.66596906440272
451,32,185,5.78125,1377,49.02476830760183
452,9,81,9.0,1594,18.543432651870805
453,34,68,2.0,1620,15.31753648097805
454,50,91,1.82,2248,14.772957237815035
455,9,125,13.88888888888889,3443,13.250120158623906
456,16,176,11.0,901,71.26968542155508
457,20,155,7.75,469,120.53519116252811
458,30,196,6.533333333333333,744,96.10876384569399
459,30,112,3.7333333333333334,3240,12.615862719168984
460,25,26,1.04,2367,4.00867631311606
461,43,23,0.5348837209302325,1064,7.887331883329497
462,40,168,4.2,2983,20.55397177348397
463,37,161,4.351351351351352,3148,18.66524370586003
464,34,117,3.4411764705882355,3094,13.80089291340873
465,41,197,4.804878048780488,3356,21.42347450292206
466,27,54,2.0,943,20.8932915679509
467,14,303,21.642857142857142,2763,40.02185740935417
468,9,140,15.555555555555555,1697,30.105487034314955
469,40,46,1.15,3078,5.454194028323477
470,38,180,4.7368421052631575,2667,24.63104974384833
471,35,177,5.057142857142857,2840,22.74531618295536
472,14,192,13.714285714285714,2405,29.13487142284019
473,23,117,5.086956521739131,672,63.51460888059314
474,36,48,1.3333333333333333,2002,8.749653534695222
475,5,24,4.8,3594,2.4371481471692498
476,9,129,14.333333333333334,3423,13.754011038846283
477,49,13,0.2653061224489796,186,25.46078931129772
478,8,102,12.75,626,59.438186999592894
479,20,162,8.1,506,116.77347368005293
480,28,150,5.357142857142857,2658,20.595365948618795
481,20,170,8.5,2990,20.749975337458807
482,6,25,4.166666666666667,802,11.37262966355711
483,32,179,5.59375,1861,35.100584785896366
484,36,117,3.25,3073,13.895193053867667
485,31,135,4.354838709677419,2682,18.36998320511936
486,24,64,2.6666666666666665,1992,11.724759268507528
487,28,179,6.392857142857143,2167,30.144899451638278
488,16,43,2.6875,1870,8.391410232762054
489,39,167,4.282051282051282,1107,55.045084502399845
490,37,22,0.5945945945945946,2075,3.869198911998612
491,37,150,4.054054054054054,2523,21.697217802418592
492,47,27,0.574468085106383,3191,3.0880203298588538
493,41,629,15.341463414634147,2333,98.39223610536713
494,16,105,6.5625,2785,13.759417526966843
495,7,132,18.857142857142858,609,79.06591287651901
496,5,48,9.6,1700,10.303670094362092
497,37,55,1.4864864864864864,63,316.8152765722402
498,44,38,0.8636363636363636,922,15.037430951955029
499,14,199,14.214285714285714,2659,27.312911164883346
500,47,71,1.5106382978723405,3620,7.158118035060001
501,48,194,4.041666666666667,389,181.86020828785334
502,33,25,0.7575757575757576,1483,6.151554067946864
503,17,193,11.352941176470589,2926,24.072526837902995
504,16,130,8.125,768,61.75450469503427
505,35,19,0.5428571428571428,2039,3.400568314156612
506,50,167,3.34,2683,22.71588099270878
507,6,578,96.33333333333333,2259,93.37579364113368
508,39,112,2.871794871794872,710,57.54788031504931
509,27,93,3.4444444444444446,1316,25.786920800841713
510,21,142,6.761904761904762,2867,18.075829202072285
511,30,74,2.466666666666667,2036,13.263830403684997
512,12,186,15.5,48,1403.7010234673835
513,33,12,0.36363636363636365,2784,1.573069622696737
514,30,182,6.066666666666666,157,422.1396117306898
515,14,151,10.785714285714286,2729,20.193341674711885
516,30,129,4.3,762,61.76175454014809
517,38,167,4.394736842105263,3498,17.423853714520927
518,45,159,3.533333333333333,1361,42.63000738229645
519,11,155,14.090909090909092,1213,46.626530351543025
520,8,199,24.875,568,127.79639844114259
521,49,46,0.9387755102040817,1136,14.775182269781276
522,15,551,36.733333333333334,3203,62.78241786371519
523,33,185,5.606060606060606,3636,18.56936803648699
524,40,190,4.75,1363,50.86678915770905
525,29,82,2.8275862068965516,1653,18.102475859837362
526,25,468,18.72,2643,64.62217665740448
527,40,58,1.45,3238,6.537249507081507
528,14,130,9.285714285714286,2176,21.802409062818043
529,41,97,2.3658536585365852,1447,24.46169418218625
530,13,149,11.461538461538462,1523,35.700570775881026
531,28,196,7.0,2548,28.07290164478008
532,39,46,1.1794871794871795,41,405.89870663604495
533,39,70,1.794871794871795,2272,11.243792260486321
534,40,180,4.5,1316,49.9101692919517
535,22,133,6.045454545454546,2904,16.714496972660115
536,43,48,1.1162790697674418,366,47.82116195597287
537,36,578,16.055555555555557,2159,97.70001829241467
538,28,72,2.5714285714285716,1771,14.836016292520174
539,27,55,2.037037037037037,2355,8.523095146612096
540,36,97,2.6944444444444446,264,133.92468745862726
541,41,20,0.4878048780487805,2129,3.4282520845416355
542,16,71,4.4375,2062,12.565670965129838
543,17,86,5.0588235294117645,2059,15.242562634598528
544,27,162,6.0,2214,26.70291483111411
545,29,201,6.931034482758621,2478,29.602177241850974
546,39,13,0.3333333333333333,2944,1.6115529154843233
547,45,68,1.511111111111111,1006,24.663019878473516
548,34,81,2.3823529411764706,3016,9.801532639451791
549,21,157,7.476190476190476,1833,31.256732838250976
550,24,102,4.25,308,120.73354628443566
551,29,72,2.4827586206896552,241,108.88074078677522
552,26,63,2.423076923076923,1239,18.553856208622964
553,17,126,7.411764705882353,2871,16.016772510635185
554,23,119,5.173913043478261,2591,16.761436540201785
555,40,83,2.075,2884,10.5031783425468
556,16,116,7.25,1902,22.25650703203644
557,45,66,1.4666666666666666,1623,14.839546251151155
558,23,178,7.739130434782608,563,115.32487818732083
559,16,12,0.75,1218,3.594981799378676
560,13,129,9.923076923076923,1601,29.403040531046948
561,11,15,1.3636363636363635,350,15.626560872233243
562,32,14,0.4375,828,6.168778255962046
563,18,14,0.7777777777777778,2195,2.3276311683934106
564,35,63,1.8,2693,8.537647144000163
565,23,56,2.4347826086956523,3644,5.608658847288897
566,20,186,9.3,3407,19.92448710367102
567,9,18,2.0,2356,2.7881928309069264
568,39,108,2.769230769230769,1554,25.36083867045385
569,16,29,1.8125,2332,4.538311970896493
570,29,131,4.517241379310345,2874,16.634978508296616
571,25,70,2.8,458,55.74160330740786
572,40,132,3.3,1513,31.83633822640275
573,27,172,6.37037037037037,3070,20.44708039597898
574,20,187,9.35,1419,48.0884057307317
575,43,91,2.116279069767442,2100,15.813918057099599
576,49,71,1.4489795918367347,2157,12.012339126666093
577,46,154,3.347826086956522,697,80.60341428090025
578,43,12,0.27906976744186046,1341,3.265330465607795
579,18,169,9.38888888888889,1240,49.731329084583976
580,35,22,0.6285714285714286,124,64.5680054677763
581,9,129,14.333333333333334,117,401.18433945384055
582,39,134,3.4358974358974357,3040,16.086884305009434
583,27,98,3.6296296296296298,1018,35.12493064863777
584,33,82,2.484848484848485,1905,15.7082763669953
585,47,77,1.6382978723404256,1111,25.288721527131052
586,15,151,10.066666666666666,3435,16.043418967125763
587,22,110,5.0,968,41.4616389481239
588,16,107,6.6875,1585,24.63470557253377
589,13,20,1.5384615384615385,3189,2.288856872763074
590,14,114,8.142857142857142,3077,13.521308002138193
591,48,193,4.020833333333333,703,100.1542584575576
592,21,76,3.619047619047619,2935,9.450272794013692
593,42,132,3.142857142857143,1688,28.536483521039585
594,11,38,3.4545454545454546,1778,7.799298794117068
595,50,146,2.92,513,103.80528473892845
596,17,162,9.529411764705882,321,183.99639039721188
597,44,85,1.9318181818181819,2665,11.64005680272683
598,46,179,3.891304347826087,1827,35.75366716556353
599,13,18,1.3846153846153846,1611,4.077288510052036
600,31,49,1.5806451612903225,2670,6.697586285020961
601,6,34,5.666666666666667,2801,4.429983240313204
602,9,14,1.5555555555555556,605,8.441188373956209
603,33,148,4.484848484848484,2239,24.1229098427456
604,41,196,4.780487804878049,519,137.7451310735225
605,42,133,3.1666666666666665,2749,17.656804389377182
606,23,47,2.0434782608695654,2408,7.123089731000076
607,12,81,6.75,3492,8.465609980629173
608,49,142,2.8979591836734695,279,185.52789361587887
609,5,185,37.0,236,285.6810441478222
610,26,99,3.8076923076923075,1051,34.36960522748998
611,21,155,7.380952380952381,977,57.88523223156139
612,11,46,4.181818181818182,924,18.16382056871474
613,29,69,2.3793103448275863,3310,7.607922389222941
614,49,707,14.428571428571429,933,276.4781194923744
615,8,37,4.625,1014,13.313748009838669
616,40,90,2.25,2779,11.819246482559864
617,10,123,12.3,1658,27.07184485924389
618,35,49,1.4,2841,6.294509857058139
619,23,54,2.347826086956522,266,73.99620821053817
620,48,71,1.4791666666666667,1795,14.4343907784768
621,43,102,2.372093023255814,151,245.96174809235953
622,31,124,4.0,256,176.54516022077897
623,14,195,13.928571428571429,3311,21.49415724331205
624,30,76,2.533333333333333,534,51.912082565287776
625,23,65,2.8260869565217392,1957,12.120887008810314
626,43,49,1.1395348837209303,1518,11.779117669335108
627,7,107,15.285714285714286,1287,30.337161566455514
628,49,49,1.0,3287,5.4405275958100185
629,17,100,5.882352941176471,109,333.74479952452793
630,32,42,1.3125,2432,6.302508052862132
631,24,15,0.625,3517,1.5565629384496633
632,32,156,4.875,2057,27.67617802383145
633,12,89,7.416666666666667,3421,9.494748441046191
634,45,177,3.933333333333333,219,294.5091514143095
635,43,101,2.3488372093023258,1546,23.839779094845007
636,5,106,21.2,971,39.830547734373795
637,7,68,9.714285714285714,2675,9.277238806667501
638,17,68,4.0,3582,6.928383902812807
639,32,57,1.78125,958,21.708847881548262
640,29,178,6.137931034482759,2398,27.08928791072251
641,37,22,0.5945945945945946,747,10.744415379366174
642,42,116,2.761904761904762,2076,20.39140517201937
643,10,54,5.4,1709,11.53059761958388
644,48,98,2.0416666666666665,3548,10.080699138899183
645,49,190,3.877551020408163,2232,31.065708340705932
646,36,179,4.972222222222222,1295,50.43752147078237
647,49,109,2.2244897959183674,443,89.73419191862236
648,25,200,8.0,577,126.43648298736501
649,20,164,8.2,845,70.80965026941026
650,25,175,7.0,938,68.07052692715521
651,15,197,13.133333333333333,3109,23.125300503479007
652,41,16,0.3902439024390244,2061,2.8330742008329435
653,40,142,3.55,1924,26.933559901577922
654,39,54,1.3846153846153846,445,44.25583510154593
655,23,67,2.9130434782608696,3143,7.779879205882868
656,24,40,1.6666666666666667,2646,5.517001622980956
657,22,32,1.4545454545454546,274,42.57102764565451
658,45,179,3.977777777777778,2592,25.20285530779809
659,18,147,8.166666666666666,1997,26.86289186002558
660,19,169,8.894736842105264,325,189.58707912651946
661,35,116,3.3142857142857145,1689,25.06267147715266
662,5,190,38.0,1784,38.86536667105665
663,7,167,23.857142857142858,630,96.69794484148073
664,20,48,2.4,3453,5.073312551670617
665,27,168,6.222222222222222,3106,19.740114249291373
666,15,91,6.066666666666666,2451,13.549593797741258
667,16,109,6.8125,1703,23.35670863261837
668,14,11,0.7857142857142857,1520,2.640813225771443
669,36,86,2.388888888888889,2386,13.15389724539205
670,20,21,1.05,2004,3.8241537843656217
671,12,48,4.0,255,68.60767920427622
672,42,62,1.4761904761904763,1885,12.002980855165976
673,16,55,3.4375,2949,6.806549884466657
674,28,164,5.857142857142857,1692,35.37062040399086
675,32,393,12.28125,218,656.904723742358
676,12,26,2.1666666666666665,2876,3.299303113478296
677,32,113,3.53125,758,54.38673989437804
678,40,107,2.675,966,40.414336198020415
679,30,197,6.566666666666666,626,114.79728273450783
680,12,97,8.083333333333334,1225,28.893431752987887
681,32,118,3.6875,2769,15.55230170093144
682,32,172,5.375,1910,32.862829878059955
683,41,79,1.9268292682926829,771,37.38178423962715
684,45,167,3.7111111111111112,3207,19.004697002056208
685,40,83,2.075,3214,9.424878630771554
686,31,72,2.3225806451612905,3181,8.26060511761461
687,21,165,7.857142857142857,894,67.3382791142319
688,13,69,5.3076923076923075,1663,15.140994309727569
689,37,88,2.3783783783783785,3595,8.933724392377409
690,24,46,1.9166666666666667,2824,5.944699073951136
691,17,31,1.8235294117647058,128,88.14708059050363
692,32,157,4.90625,266,215.1371238713795
693,33,105,3.1818181818181817,1709,22.42060648252421
694,17,77,4.529411764705882,3321,8.461882388716688
695,50,26,0.52,1980,4.792045910728577
696,39,21,0.5384615384615384,1832,4.183118538064195
697,10,159,15.9,411,141.0790903455569
698,22,438,19.90909090909091,2407,66.40870827647656
699,9,147,16.333333333333332,3006,17.847134329996525
700,29,127,4.379310344827586,1407,32.93743982548948
701,6,31,5.166666666666667,2837,3.9878549287807528
702,14,129,9.214285714285714,3521,13.371235302219452
703,34,59,1.7352941176470589,767,28.063568184631823
704,49,23,0.46938775510204084,1924,4.36247801222741
705,9,184,20.444444444444443,1069,62.8036264512117
706,37,38,1.027027027027027,2900,4.782156728549682
707,5,173,34.6,2120,29.78025009845003
708,22,189,8.590909090909092,2327,29.640816975420698
709,36,134,3.7222222222222223,2918,16.759384107197008
710,15,16,1.0666666666666667,1463,3.9908020213685576
711,25,38,1.52,3342,4.149756235479967
712,30,148,4.933333333333334,1959,27.570156657896817
713,29,42,1.4482758620689655,601,25.492005687061937
714,26,143,5.5,2549,20.47372581015272
715,31,120,3.870967741935484,2901,15.09634258357704
716,17,88,5.176470588235294,1176,27.304450574439056
717,37,169,4.5675675675675675,3132,19.69278803715404
718,38,188,4.947368421052632,3310,20.728832017013232
719,45,67,1.488888888888889,1032,23.68832728734508
720,39,35,0.8974358974358975,3590,3.558134061578698
721,5,183,36.6,539,123.84007119483097
722,25,38,1.52,761,18.217280804870203
723,10,13,1.3,696,6.813955325152758
724,32,108,3.375,3266,12.06846142424377
725,21,150,7.142857142857143,2398,22.82805161015942
726,9,48,5.333333333333333,580,30.187898994598232
727,35,24,0.6857142857142857,1623,5.3961986367822385
728,9,128,14.222222222222221,2257,20.696697255428344
729,42,135,3.2142857142857144,332,148.25568275841317
730,7,166,23.714285714285715,3224,18.79129689101575
731,27,84,3.111111111111111,2939,10.43082434471391
732,41,125,3.048780487804878,1858,24.551151146303337
733,41,41,1.0,3530,4.238938466702452
734,14,139,9.928571428571429,1542,32.89428896532273
735,14,373,26.642857142857142,3592,37.89843181302569
736,23,93,4.043478260869565,2447,13.870019388199145
737,21,31,1.4761904761904763,2327,4.861721302846781
738,25,36,1.44,630,20.845065953852135
739,18,90,5.0,3222,10.1943758698968
740,13,135,10.384615384615385,1577,31.238806490571296
741,50,193,3.86,617,114.10591789298066
742,5,206,41.2,75,997.6779672261661
743,49,30,0.6122448979591837,2056,5.32493015588186
744,17,56,3.2941176470588234,1939,10.539532269583084
745,8,110,13.75,2634,15.240864496757283
746,5,196,39.2,3252,21.996301153160857
747,44,93,2.1136363636363638,317,106.95886439903582
748,36,15,0.4166666666666667,2678,2.0441575364074724
749,38,156,4.105263157894737,708,80.38228879179519
750,32,194,6.0625,3136,22.577091633148566
751,35,140,4.0,2995,17.059690555241183
752,12,10,0.8333333333333334,1987,1.8366027377960261
753,43,67,1.558139534883721,2601,9.400833793027891
754,30,133,4.433333333333334,1167,41.58510834229226
755,38,175,4.605263157894737,1735,36.80781852809063
756,7,24,3.4285714285714284,3004,2.9157575727316756
757,16,171,10.6875,1692,36.88034200660023
758,5,198,39.6,1325,54.52837520230277
759,48,172,3.5833333333333335,1819,34.50654486592849
760,9,280,31.11111111111111,3028,33.74758326687834
761,34,34,1.0,1243,9.980979036726946
762,34,33,0.9705882352941176,659,18.267575621999956
763,21,21,1.0,2607,2.939749517232915
764,27,27,1.0,3020,3.262850681954003
765,19,24,1.263157894736842,394,22.212924574949604
766,41,36,0.8780487804878049,898,14.626571605082567
767,25,81,3.24,543,54.410939239737566
768,18,69,3.8333333333333335,1289,19.532870831766026
769,6,183,30.5,1660,40.22910625073402
770,15,154,10.266666666666667,2740,20.511866120024155
771,43,102,2.372093023255814,2387,15.59459906633464
772,42,62,1.4761904761904763,2277,9.936922715506737
773,38,17,0.4473684210526316,1305,4.753459760296929
774,42,88,2.0952380952380953,3076,10.44089371709794
775,38,36,0.9473684210526315,1736,7.567533323926709
776,22,183,8.318181818181818,3574,18.687235355091047
777,34,59,1.7352941176470589,2325,9.260911727836275
778,19,140,7.368421052631579,487,104.84954807998113
779,31,102,3.2903225806451615,2477,15.028064092291608
780,38,181,4.7631578947368425,1206,54.76369092273068
781,42,190,4.523809523809524,2514,27.58151660558431
782,37,33,0.8918918918918919,282,42.65755316700016
783,28,69,2.4642857142857144,663,37.96552425889217
784,19,131,6.894736842105263,3127,15.289229111408487
785,34,140,4.117647058823529,852,59.95084265543517
786,46,157,3.4130434782608696,3060,18.72489065846721
787,21,55,2.619047619047619,1040,19.296112422082636
788,9,24,2.6666666666666665,2357,3.7160134302494523
789,33,162,4.909090909090909,2542,23.257872099403507
790,8,26,3.25,1885,5.033508100553473
791,14,135,9.642857142857142,1135,43.400140043069854
792,21,93,4.428571428571429,799,42.46495655926893
793,14,18,1.2857142857142858,150,43.69367871512653
794,21,175,8.333333333333334,1130,56.508295992887255
795,24,185,7.708333333333333,2394,28.201631747874696
796,28,197,7.035714285714286,3426,20.98579690138091
797,9,72,8.0,3183,8.255415260267045
798,38,126,3.3157894736842106,2803,16.405284363613013
799,10,139,13.9,2884,17.589660115831386
800,6,97,16.166666666666668,2437,14.525932718324912
801,17,81,4.764705882352941,972,30.40524905770981
802,47,148,3.148936170212766,3314,16.298748025639906
803,47,73,1.553191489361702,2458,10.838504453162976
804,15,81,5.4,2058,14.363341778547536
805,27,30,1.1111111111111112,431,25.384535138455835
806,20,27,1.35,1648,5.978651572922259
807,35,73,2.085714285714286,1696,15.707114919253817
808,15,91,6.066666666666666,3159,10.513188567955904
809,20,344,17.2,2008,62.518516305552026
810,12,104,8.666666666666666,1407,26.972391668117368
811,8,175,21.875,3566,17.91039335569971
812,44,41,0.9318181818181818,430,34.77280912713627
813,8,20,2.5,1559,4.681392746406389
814,29,54,1.8620689655172413,182,108.07994955172319
815,7,42,6.0,2708,5.660241511022332
816,36,111,3.0833333333333335,3353,12.08189385885521
817,7,178,25.428571428571427,1043,62.269675521030514
818,31,145,4.67741935483871,3137,16.869251744696587
819,33,20,0.6060606060606061,1087,6.7134770753150965
820,36,188,5.222222222222222,3326,20.629125186201758
821,23,97,4.217391304347826,2759,12.830850576128928
822,25,50,2.0,2943,6.200386292559707
823,9,154,17.11111111111111,95,589.4195983851519
824,22,85,3.8636363636363638,3515,8.825541586720014
825,32,130,4.0625,2660,17.83589845754248
826,46,55,1.1956521739130435,1133,17.712740379312933
827,26,169,6.5,3032,20.342208144468096
828,25,89,3.56,1049,30.95681674155323
829,10,153,15.3,3189,17.509755076637514
830,5,95,19.0,437,79.28160689584215
831,9,101,11.222222222222221,2577,14.303367974656284
832,45,157,3.488888888888889,1987,28.83466298339761
833,16,170,10.625,379,163.56279572443427
834,30,177,5.9,905,71.35796060152535
835,50,169,3.38,74,829.4896792846097
836,38,106,2.789473684210526,1726,22.41125138658395
837,18,11,0.6111111111111112,1120,3.583653541479786
838,30,42,1.4,2196,6.979714209614522
839,49,167,3.4081632653061225,1106,55.09483759880329
840,31,170,5.483870967741935,1115,55.63201283884647
841,13,86,6.615384615384615,2720,11.538892758876107
842,30,125,4.166666666666667,204,223.2525138844714
843,26,163,6.269230769230769,3298,18.03772475150567
844,34,159,4.676470588235294,3115,18.628635809929172
845,47,112,2.382978723404255,2447,16.703679263207572
846,21,175,8.333333333333334,2177,29.335917496607138
847,30,445,14.833333333333334,3260,49.81804184500815
848,40,99,2.475,700,51.59452571159325
849,5,183,36.6,315,211.80219745374407
850,12,131,10.916666666666666,897,53.28378084725837
851,39,152,3.8974358974358974,2906,19.089137118015113
852,19,115,6.052631578947368,155,270.17024426350855
853,26,128,4.923076923076923,2139,21.838255744110985
854,18,181,10.055555555555555,3633,18.18286904838903
855,30,58,1.9333333333333333,3127,6.769277011157956
856,32,113,3.53125,1917,21.511292841999303
857,27,70,2.5925925925925926,260,98.13146928350585
858,18,132,7.333333333333333,3039,15.851995400355008
859,28,143,5.107142857142857,2198,23.742645102155464
860,6,18,3.0,446,14.71889597078624
861,49,15,0.30612244897959184,369,14.822736317734492
862,30,82,2.7333333333333334,3322,9.00864293959273
863,18,112,6.222222222222222,2452,16.669622996576773
864,11,169,15.363636363636363,3032,20.342208144468096
865,7,50,7.142857142857143,3211,5.682941677448687
866,27,123,4.555555555555555,2099,21.385037856685233
867,50,17,0.34,1903,3.2600158140976636
868,47,81,1.7234042553191489,1588,18.613479899141566
869,49,187,3.816326530612245,1177,57.97267627286355
870,22,101,4.590909090909091,1603,22.992269383452925
871,42,71,1.6904761904761905,2831,9.15282911245989
872,39,93,2.3846153846153846,2208,15.371100338938534
873,19,71,3.736842105263158,3260,7.9484965640350085
874,29,120,4.137931034482759,1635,26.78301174355572
875,41,136,3.317073170731707,2227,22.286423644081683
876,32,16,0.5,2315,2.5222805043697214
877,14,93,6.642857142857143,2171,15.633023466805442
878,43,141,3.2790697674418605,2573,19.999106228615062
879,21,143,6.809523809523809,889,58.68794027199182
880,43,256,5.953488372093023,1884,49.58699614989665
881,26,31,1.1923076923076923,407,27.77607305487708
882,30,163,5.433333333333334,1421,41.85765092006628
883,48,136,2.8333333333333335,1795,27.648973885533024
884,29,12,0.41379310344827586,2391,1.8315899078559734
885,21,136,6.476190476190476,3470,14.30397090795925
886,17,50,2.9411764705882355,2204,8.279028200865103
887,24,197,8.208333333333334,2721,26.422401993117425
888,29,115,3.9655172413793105,1862,22.538546418129634
889,8,23,2.875,2325,3.6101859278005817
890,14,21,1.5,286,26.766539206956157
891,7,96,13.714285714285714,950,36.87004466704897
892,45,42,0.9333333333333333,1339,11.445722413233137
893,49,150,3.061224489795918,1740,31.458918100513394
894,22,34,1.5454545454545454,195,63.52212525273206
895,40,54,1.35,536,36.74736420161644
896,26,131,5.038461538461538,1032,46.315983203615005
897,38,156,4.105263157894737,3546,16.0558769331414
898,12,64,5.333333333333333,1229,19.00167972896577
899,44,109,2.477272727272727,1774,22.422105936489952
900,48,182,3.7916666666666665,739,89.84736902612377
901,23,145,6.304347826086956,2241,23.612843066613426
902,46,128,2.782608695652174,1046,44.64981149025436
903,45,62,1.3777777777777778,779,29.0364591686822
904,41,192,4.682926829268292,1899,36.896541738949594
905,10,41,4.1,49,303.1500050643168
906,30,60,2.0,57,381.7658851215898
907,38,53,1.394736842105263,823,23.495047761320922
908,49,91,1.8571428571428572,162,204.56995042034922
909,10,155,15.5,421,134.26601639908395
910,41,159,3.8780487804878048,1256,46.19278633199747
911,37,46,1.2432432432432432,2935,5.719901954271445
912,26,105,4.038461538461538,2100,18.246828527422615
913,25,65,2.6,1885,12.583770251383685
914,10,114,11.4,1092,38.09166350075295
915,10,68,6.8,3402,7.294925735481056
916,8,140,17.5,1467,34.82432796202717
917,34,165,4.852941176470588,345,174.38072763597933
918,15,44,2.933333333333333,2263,7.095629737139171
919,34,198,5.823529411764706,442,163.37187616560988
920,35,102,2.914285714285714,1279,29.100374013670844
921,28,191,6.821428571428571,1866,37.35335799803361
922,13,200,15.384615384615385,3194,22.85274225080728
923,7,106,15.142857142857142,1816,21.300784809220612
924,35,144,4.114285714285714,2572,20.432559143045406
925,44,85,1.9318181818181819,3623,8.562482664594928
926,41,58,1.4146341463414633,505,41.89051477644871
927,40,103,2.575,1024,36.700785364591724
928,28,577,20.607142857142858,1458,144.41172134547938
929,35,195,5.571428571428571,1557,45.70219569593512
930,10,198,19.8,1517,47.62861934999159
931,6,33,5.5,3315,3.6330841400569778
932,24,157,6.541666666666667,2614,21.919280590124178
933,32,46,1.4375,2230,7.527915834403785
934,15,13,0.8666666666666667,1149,4.128366532824646
935,8,117,14.625,3012,14.176568908482206
936,19,135,7.105263157894737,3487,14.129579209517788
937,10,29,2.9,3002,3.525554021579655
938,34,197,5.794117647058823,35,2033.2249399123427
939,42,161,3.8333333333333335,2333,25.18465820821003
940,6,59,9.833333333333334,215,99.9930350799805
941,19,186,9.789473684210526,962,70.54495955276845
942,15,188,12.533333333333333,245,279.66498889409655
943,12,105,8.75,2215,17.299632340494682
944,30,370,12.333333333333334,2515,53.6900211301342
945,49,173,3.5306122448979593,444,142.10165067005727
946,48,126,2.625,1419,32.40181348701708
947,9,107,11.88888888888889,1681,23.228150936887587
948,10,75,7.5,1365,20.049583810922357
949,30,88,2.933333333333333,468,68.57899287948501
950,8,171,21.375,1546,40.362398269490065
951,23,173,7.521739130434782,2749,22.967121498964307
952,24,15,0.625,287,19.052424616776573
953,37,48,1.2972972972972974,320,54.68762193123469
954,24,179,7.458333333333333,1314,49.708414329352955
955,16,124,7.75,3439,13.159405878701447
956,5,195,39.0,2450,29.04669304368941
957,30,134,4.466666666666667,2486,19.671287200390932
958,18,21,1.1666666666666667,1340,5.7185915776672775
959,42,140,3.3333333333333335,2179,23.447196775207455
960,41,27,0.6585365853658537,66,148.49694869283508
961,15,49,3.2666666666666666,2332,7.668182295652696
962,40,30,0.75,3336,3.2820150073508145
963,17,152,8.941176470588236,2247,24.686688633132576
964,47,108,2.297872340425532,3192,12.348212062217197
965,7,35,5.0,2650,4.820090817679829
966,37,17,0.4594594594594595,466,13.305029322526348
967,10,109,10.9,3296,12.069355183664431
968,14,96,6.857142857142857,270,129.60257429770866
969,9,123,13.666666666666666,1962,22.8780068947418
970,27,181,6.703703703703703,544,121.36158643557172
971,14,23,1.6428571428571428,72,116.00912043114765
972,48,87,1.8125,1557,20.390210387417206
973,6,42,7.0,1098,13.957108975613755
974,17,128,7.529411764705882,1789,26.109821081780407
975,44,46,1.0454545454545454,2119,7.922184239147103
976,6,78,13.0,188,151.14272821384014
977,24,175,7.291666666666667,475,134.3704311423853
978,5,50,10.0,2052,8.89218048446548
979,41,71,1.7317073170731707,1272,20.367583201361246
980,13,69,5.3076923076923075,2669,9.434828133282634
981,21,357,17.0,2391,54.48979975871521
982,13,120,9.23076923076923,3091,14.168498381782806
983,15,23,1.5333333333333334,2536,3.309854851332517
984,19,93,4.894736842105263,1586,21.397975875665434
985,28,139,4.964285714285714,2466,20.570758991471255
986,42,79,1.880952380952381,1026,28.094293940264915
987,39,154,3.948717948717949,1138,49.37783575566712
988,34,132,3.8823529411764706,2886,16.69227557845248
989,35,98,2.8,1646,21.726652352303407
990,9,37,4.111111111111111,2920,4.624421947256593
991,48,75,1.5625,3007,9.102652986917118
992,18,172,9.555555555555555,3134,20.029575368535575
993,15,14,0.9333333333333333,3348,1.5261179710097317
994,13,177,13.615384615384615,1590,40.62275012339934
995,38,193,5.078947368421052,1184,59.47913016679824
996,16,173,10.8125,2137,29.543386365922526
997,39,54,1.3846153846153846,1373,14.351610824507686
998,39,160,4.102564102564102,2205,26.480877315092965
999,5,56,11.2,2584,7.909099527350045
1000,44,40,0.9090909090909091,2522,5.7882185964362804
